"","PlotNumber","Var.2","F","M","TD0","TD1","TD2","TD3","TD4","VW","W","X","NA","BGC_noSpace","BGC_LABEL","BGC_Zone","rSMR","aSMRC","aSMRE","aSMR_Veg","11SiteSeries"
"1","0003072",0,0,0,0,0.2,12.6,77.4,6,0,0,23.8,0,NA,NA,NA,NA,NA,NA,"3MD","SBS mc 2 /Gb53"
"2","0105160",0,7.2,39.1,0,0,0,0,0.6,0,0,107.9,0,NA,NA,NA,NA,NA,NA,"6M","SBS mc 2 /09"
"3","0105161",0,6.2,0,0,0,0,11.1,15.6,0,0,114.4,0,NA,NA,NA,NA,NA,NA,"3MD","SBS mc 2 /02"
"4","0114634",0,5.9,0.1,0,0,0,0.1,22,0,0,124.8,0,"SBSmc2","SBS mc 2","SBS ","4",4.5,5,"4SD","SBS mc 2 /01"
"5","0114635",0,15.3,6.7,0,0,0,0.1,3,0,0,156.7,0,NA,NA,NA,NA,NA,NA,"5F","SBS mc 2 /06"
"6","0114636",0,8.2,0,0,0,0,0.1,6,0,0,156.2,0,NA,NA,NA,NA,NA,NA,"5F","SBS mc 2 /01"
"7","0114637",0,0,0,0,0,8,10.6,6.5,0,0,127.6,0,"SBSmc2","SBS mc 2","SBS ","2",3,3,"3MD","SBS mc 2 /02"
"8","0114638",0,0,0.1,0,0,1,0.7,11.1,0,0,139.4,0,"SBSmc2","SBS mc 2","SBS ","3",3.5,4,"5F","SBS mc 2 /02"
"9","0114639",0,5.1,0,0,0,0.2,0,4.5,0,0,160.5,0,NA,NA,NA,NA,NA,NA,"5F","SBS mc 2 /01"
"10","0114640",0,13.1,34.3,0,0,0,2,1,0,0,75.3,0,NA,NA,NA,NA,NA,NA,"6M","SBS mc 2 /06"
"11","08-0144",0,0,1.7,0,0,0,0.7,2.5,0,0,173.8,0,"SBSmc2","SBS mc 2","SBS ","4",4.5,5,"5F","SBS mc 2 /$Act"
"12","08-0149",0,0,47.2,0,0,0,0,0,0,0,178.4,0,"SBSmc2","SBS mc 2","SBS ","5",5.5,6,"6M","SBS mc 2 /$Act"
"13","08-3312",0,0,47.2,0,0,0,0,0,0,0.1,121.2,0,"SBSmc2","SBS mc 2","SBS ","6",6.5,7,"6M","SBS mc 2 /Fm03"
"14","102480",0,23.6,70.7,0,0,0,0.7,16.3,0,0,222.9,0,"ESSFmc","ESSFmc","ESSF","5",6.5,6,"6M","SBS mc 2 /06"
"15","102580",0.7,0,0.5,0,0,20,38.3,43,0,8,155.1,0,"SBSmc2","SBS mc 2","SBS ","2",3,3,"3MD","SBS mc 2 /02"
"16","102680",0,1.4,2.4,0,0,0,6.5,11,0,0,227.8,0,"ESSFmc","ESSFmc","ESSF","5",6.5,6,"5F","SBS mc 2 /05"
"17","102780",0,25.7,7.1,0,0,0,0.7,5,0,8,236.3,0,"SBSmc2","SBS mc 2","SBS ","4",4.5,5,"6M","SBS mc 2 /01"
"18","102880",0,38.4,59.1,0,0,0,2,11.4,0,0,215.3,0,"ESSFmc","ESSFmc","ESSF","5",6.5,6,"6M","SBS mc 2 /06"
"19","102980",0,23.7,3.7,0,0,0,0.7,66,0,0,211.9,0,"SBSmc2","SBS mc 2","SBS ","4",4.5,5,"5F","SBS mc 2 /01"
"20","103080",0,38.2,6.4,0,0,0,1.5,59.7,0,7,269.3,0,"SBSmc2","SBS mc 2","SBS ","4",4.5,5,"6M","SBS mc 2 /01"
"21","103180",0,16.4,1.4,0,0,0,0.6,37.9,0,1,271.5,0,"SBSmc2","SBS mc 2","SBS ","4",4.5,5,"5F","SBS mc 2 /01"
"22","103280",0,1.5,0.6,0,0,0.5,1.8,57.1,0,0,182.6,0,"SBSmc2","SBS mc 2","SBS ","4",4.5,5,"4SD","SBS mc 2 /01"
"23","103380",0,8.6,35.7,0,0,0,0.5,18.5,0,2,202.2,0,"SBSmc2","SBS mc 2","SBS ","5",5.5,6,"6M","SBS mc 2 /06"
"24","103480",0,0,0.8,0,0,2,35.1,65,0,0,110.7,0,"SBSmc2","SBS mc 2","SBS ","2",3,3,"3MD","SBS mc 2 /02"
"25","103580",0,15.9,7.2,0,0,0,0,56.2,0,0,235.6,0,"SBSmc2","SBS mc 2","SBS ","4",4.5,5,"5F","SBS mc 2 /01"
"26","1037",0,0,1,0.1,0,10,76,20.7,0,0,67.2,0.1,"SBSmc2","SBS mc 2","SBS ","1",2.5,3,"3MD","SBS mc 2 /02"
"27","103780",0,21.4,5.9,0,0,0,1.8,38,0,1,154.8,0,"SBSmc2","SBS mc 2","SBS ","5",5.5,6,"5F","SBS mc 2 /05"
"28","103880",0,35,49,0,0,0,1.2,55,0,0,236.9,0,"SBSmc2","SBS mc 2","SBS ","5",5.5,6,"6M","SBS mc 2 /06"
"29","103980",0,5,2.4,0,0,0,4.3,46.1,0,0,205.8,0.3,"SBSmc2","SBS mc 2","SBS ","4",4.5,5,"5F","SBS mc 2 /01"
"30","104080",0,10.3,1.1,0,0,0,8.8,23.2,0,0,229.4,0,"SBSmc2","SBS mc 2","SBS ","4",4.5,5,"4SD","SBS mc 2 /01"
"31","104180",0,18.7,0,0,0,0,0,73,0,0,156.9,0,"SBSmc2","SBS mc 2","SBS ","4",4.5,5,"4SD","SBS mc 2 /01"
"32","104280",0,0,0,0,0,2,4.5,44.3,0,0,208.8,0,"SBSmc2","SBS mc 2","SBS ","4",4.5,5,"4SD","SBS mc 2 /01"
"33","104380",0,31,42,0,0,0,0,18,0,0,240.3,0,"SBSmc2","SBS mc 2","SBS ","5",5.5,6,"6M","SBS mc 2 /09"
"34","104480",0,15,92.9,0,0,0,0.3,1,0,4,163.1,4,"SBSmc2","SBS mc 2","SBS ","5",5.5,6,"6M","SBS mc 2 /10"
"35","104580",0,5,58,0,0,0,0.8,4,0,1,193.2,0,"SBSmc2","SBS mc 2","SBS ","4",4.5,5,"6M","SBS mc 2 /06"
"36","104680",0,10.2,88.2,0,0,0,0,2,0,0,185.8,0,"SBSmc2","SBS mc 2","SBS ","5",5.5,6,"6M","SBS mc 2 /09"
"37","107980",0,5.5,22,0,0,0,0.3,5.3,0,0,164.7,0,"SBSmc2","SBS mc 2","SBS ","4",4.5,5,"6M","SBS mc 2 /06"
"38","108080",0,45,97.7,0,0,0,0,3,0,0,210.2,2,"SBSmc2","SBS mc 2","SBS ","5",5.5,6,"6M","SBS mc 2 /06"
"39","108180",0,7.7,12.7,0,0,0,0,2,0,0,189.4,0,"SBSmc2","SBS mc 2","SBS ","4",4.5,5,"6M","SBS mc 2 /06"
"40","108280",0,30,0.9,0,0,0,0,4,0,0,186.2,0,"SBSmc2","SBS mc 2","SBS ","4",4.5,5,"5F","SBS mc 2 /01"
"41","108380",0,25,0,0,0,0,0.6,23,0,0,208.2,0,"SBSmc2","SBS mc 2","SBS ","4",4.5,5,"4SD","SBS mc 2 /01"
"42","108480",0,4,0,0,0,0,0.6,43.2,0,0,215.2,0,"SBSmc2","SBS mc 2","SBS ","4",4.5,5,"4SD","SBS mc 2 /01"
"43","108580",0,45.3,9.1,0,0,0,0.3,2.8,0,0,212.5,0,"ESSFmc","ESSFmc","ESSF","4",5,5,"5F","SBS mc 2 /01"
"44","115178",0,5.5,0.5,0,0,0,2,3.5,0,0,170,0,"ESSFmc","ESSFmc","ESSF","4",5,5,"5F","SBS mc 2 /01"
"45","115278",0,2,0.5,0,0,0,0.5,2,0,0,150,0,"SBSmc2","SBS mc 2","SBS ","4",4.5,5,"5F","SBS mc 2 /01"
"46","115378",0,0.5,16,0,0,0,1,0,0.5,101.5,55.5,0,"SBSmc2","SBS mc 2","SBS ","7",8,8,"8W","SBS mc 2 /Wb05"
"47","115878",0,0,1,0,0,0,1,25,0,0,128.5,0,"SBSmc2","SBS mc 2","SBS ","3",3.5,4,"4SD","SBS mc 2 /01"
"48","116378",0,0,0,0,0,1.5,5,19,0,0,122,0,"SBSmc2","SBS mc 2","SBS ","3",3.5,4,"4SD","SBS mc 2 /01"
"49","116478",0,1,0.5,0,0,0,4,30.5,0,7,211.5,0,"SBSdk","SBS dk","SBS ","4",4,4,"5F","SBS mc 2 /01"
"50","116778",0,0,3.5,0,0,0.5,6,13,0,0.5,171,0,"SBSmc2","SBS mc 2","SBS ","4",4.5,5,"5F","SBS mc 2 /01"
"51","116780",0,32.5,75.5,0,0,0,0,1.5,0,1,126.5,0,"SBSmc2","SBS mc 2","SBS ","5",5.5,6,"6M","SBS mc 2 /06"
"52","117578",0,1,119.5,0,0,0,0,0.5,0,0,115.5,0,"CWHws2","CWH ws 2","CWH ","6",7,7,"6M","SBS mc 2 /09"
"53","117778",0,11,2,0,0,0,1,36,0,0,152,0,"CWHws2","CWH ws 2","CWH ","4",5,5,"5F","SBS mc 2 /01"
"54","117878",0,5,87.5,0,0,0,0,2.5,0,0,109.5,0,"CWHws2","CWH ws 2","CWH ","5",6,6,"6M","SBS mc 2 /09"
"55","118878",0,4.5,0,0,0,0,0,9,0,0,202.5,0,"SBSmc2","SBS mc 2","SBS ","4",4.5,5,"5F","SBS mc 2 /01"
"56","118978",0,1.5,82,0,0,0,0,0,0,2,151,0,"ICHmc1","ICH mc 1","ICH ","5",6.5,6,"6M","SBS mc 2 /09"
"57","119878",2.5,0,17,0,0,0,1,4.5,0,0,200,0,"SBSmc2","SBS mc 2","SBS ","4",4.5,5,"6M","SBS mc 2 /05"
"58","119880",0,0.5,0.5,0,0,5,6,28.5,0,0,281.5,0,"SBSmc2","SBS mc 2","SBS ","3",3.5,4,"4SD","SBS mc 2 /03"
"59","119978",0,8,0,0,0,0,0.5,25,0,0,193.5,0,"SBSmc2","SBS mc 2","SBS ","4",4.5,5,"4SD","SBS mc 2 /01"
"60","120278",0,2,63,0,0,0,0,0.5,0,2.5,179.5,0,"SBSmc2","SBS mc 2","SBS ","5",5.5,6,"6M","SBS mc 2 /10"
"61","120378",0,0.5,0,0,0,0,0.5,4.5,0,0,201.5,0,"SBSmc2","SBS mc 2","SBS ","3",3.5,4,"5F","SBS mc 2 /01"
"62","120578",0,3,11.5,0,0,0,0.5,18,0,0,250.5,0,"SBSmc2","SBS mc 2","SBS ","5",5.5,6,"6M","SBS mc 2 /05"
"63","120680",0,0,15,0,0,0,2.5,2.5,0,0,284,0,"SBSmc2","SBS mc 2","SBS ","4",4.5,5,"6M","SBS mc 2 /01"
"64","120778",0,11,12,0,0,0,0.5,33.5,0,1,170,0,"SBSmc2","SBS mc 2","SBS ","5",5.5,6,"6M","SBS mc 2 /03"
"65","120780",0,34,244,0,0,0,0,2,0,3.5,128.5,0,"SBSmc2","SBS mc 2","SBS ","6",6.5,7,"6M","SBS mc 2 /10"
"66","120878",2.5,2,104.5,0,0,0,1,2.5,0,1.5,162.5,0.5,"SBSwk3","SBS wk 3","SBS ","6",7,7,"6M","SBS mc 2 /10"
"67","120980",0,60,6.5,0,0,0,0,21,0,0,164.5,0,"SBSmc2","SBS mc 2","SBS ","5",5.5,6,"5F","SBS mc 2 /01"
"68","121080",0,13.5,87,0,0,0,0.5,3.5,0,1,161.5,0,"SBSmc2","SBS mc 2","SBS ","5",5.5,6,"6M","SBS mc 2 /06"
"69","121180",0,7.5,96.5,0,0,0,0,0,0,88.5,138.5,0,"SBSmc2","SBS mc 2","SBS ","7",8,8,"8W","SBS mc 2 /10Ws07"
"70","121280",0,0,0,0,0,20,31,6,0,0,175.5,0,"SBSmc2","SBS mc 2","SBS ","3",3.5,4,"3MD","SBS mc 2 /01"
"71","121380",0,0,0,0,0,0.5,38.5,96.5,0,0,75,0,"SBSmc2","SBS mc 2","SBS ","2",3,3,"4SD","SBS mc 2 /02"
"72","121480",0,20.5,6,0,0,0,0,4,0,0,242.5,0,"SBSmc2","SBS mc 2","SBS ","4",4.5,5,"5F","SBS mc 2 /01"
"73","121680",0,32,11.5,0,0,0,8.5,62.5,0,0,195.5,0,"SBSmc2","SBS mc 2","SBS ","4",4.5,5,"6M","SBS mc 2 /01"
"74","121780",0,0,0,0,0,3.5,8,20,0,0,234.5,0,"SBSmc2","SBS mc 2","SBS ","3",3.5,4,"3MD","SBS mc 2 /01"
"75","121980",0,15,1,0,0,0,0,6,0,0,113,0,"SBSmc2","SBS mc 2","SBS ","4",4.5,5,"5F","SBS mc 2 /01"
"76","122080",0,0,2.5,0,0,1,2,4,0,0,88.5,0,"SBSmc2","SBS mc 2","SBS ","4",4.5,5,"5F","SBS mc 2 /01"
"77","123178",0,12,0.5,0,0,0,1,27.5,0,0,247,0,"SBSmc2","SBS mc 2","SBS ","4",4.5,5,"4SD","SBS mc 2 /01"
"78","123978",0,0,0.5,0,0,0.5,3.5,59,0,0,206.5,0,"SBSmc2","SBS mc 2","SBS ","3",3.5,4,"4SD","SBS mc 2 /01"
"79","124080",0,42,0.5,0,0,0,0,60,0,0,185,0,"SBSmc2","SBS mc 2","SBS ","4",4.5,5,"4SD","SBS mc 2 /01"
"80","124180",0,31,0,0,0,0,0,5.5,0,0,231,0,"SBSmc2","SBS mc 2","SBS ","4",4.5,5,"5F","SBS mc 2 /01"
"81","124880",0,0.5,1.1,0,0,0.3,5.7,17.5,0,0,144.7,0,"SBSdw3","SBS dw 3","SBS ","4",4,4,"4SD","SBS mc 2 /01"
"82","124980",0,0.1,0.5,0,0,2,1.2,34.3,0,0.5,182.2,0,"SBSdw3","SBS dw 3","SBS ","4",4,4,"4SD","SBS mc 2 /01"
"83","125080",0,25.5,1,0,0,0,4,7,0,0,199,0,"ICHmc1","ICH mc 1","ICH ","4",5.5,5,"5F","SBS mc 2 /01"
"84","125378",0.5,10.5,70,0,0,0,0.5,3.5,0,12.5,166.5,0,"SBSmc2","SBS mc 2","SBS ","5",5.5,6,"7VM","SBS mc 2 /10"
"85","125478",0,16,9.5,0,0,0,0,11,0,0,200.5,0,"ICHmc1","ICH mc 1","ICH ","4",5.5,5,"5F","SBS mc 2 /01"
"86","130178",0,6.5,1.5,0,0,0,0,4,0,0,220,0,"SBSmc2","SBS mc 2","SBS ","4",4.5,5,"5F","SBS mc 2 /01"
"87","130278",0,0,2,0,0,0,1,6,0,0,246.1,0,"SBSmc2","SBS mc 2","SBS ","4",4.5,5,"5F","SBS mc 2 /05"
"88","130378",0,0.5,0,0,0,0,0.5,41,0,0,240,0,"MHmm2","MH  mm 2","MH  ","4",5.5,5,"4SD","SBS mc 2 /03"
"89","130878",0,10,93,0,0,0,0,0.5,0,0,93.5,0,"SBSmc2","SBS mc 2","SBS ","5",5.5,6,"6M","SBS mc 2 /09"
"90","130978",0,12.5,0.5,0,0,0,1.5,17,0,0,160.5,0,"SBSmc2","SBS mc 2","SBS ","5",5.5,6,"5F","SBS mc 2 /03"
"91","131078",0,12.5,64,0,0,0,0,2.5,0,1.5,180.5,0,"SBSmc2","SBS mc 2","SBS ","5",5.5,6,"6M","SBS mc 2 /06"
"92","131178",0,9.5,5.5,0,0,0,0.5,15.5,0,0,223,0,"SBSmc2","SBS mc 2","SBS ","4",4.5,5,"5F","SBS mc 2 /01"
"93","131278",0,5,0,0,1,0,23.5,34.5,0,0,95.5,0,"SBSmc2","SBS mc 2","SBS ","2",3,3,"3MD","SBS mc 2 /02"
"94","131478",0,0.5,4,0,0,0.5,0,0.5,1,116.5,124,0,"SBSmc2","SBS mc 2","SBS ","6",6.5,7,"8W","SBS mc 2 /Wb11"
"95","160078",0,0,0,0.5,1,2,79,5.5,0,0,32,0,"SBSmc2","SBS mc 2","SBS ","2",3,3,"3MD","SBS mc 2 /Gb53"
"96","160278",0,25,0,0,0,0,1,14,0,0,186.5,0,"SBSmc2","SBS mc 2","SBS ","3",3.5,4,"5F","SBS mc 2 /01"
"97","161078",0,10.5,76.5,0,0,0,0.5,0.5,0,0,188.5,0,"SBSmc2","SBS mc 2","SBS ","5",5.5,6,"6M","SBS mc 2 /09"
"98","161081",0,0,0,0,0,0.5,1.5,26,0,0,149,0,"SBSdk","SBS dk","SBS ","3",3.5,4,"4SD","SBS mc 2 /01"
"99","161178",0,11,2.5,0,0,0,0,32,0,0,188,0,"SBSmc2","SBS mc 2","SBS ","4",4.5,5,"5F","SBS mc 2 /01"
"100","161878",0,3,0,0,0,29,36.5,3,0,0,58.5,0,"SBSmc2","SBS mc 2","SBS ","2",3,3,"3MD","SBS mc 2 /02"
"101","162878",0,0,48,0,0,0,11.5,12,0,1,193.5,1,"SBSmc2","SBS mc 2","SBS ","5",5.5,6,"6M","SBS mc 2 /09"
"102","162978",0,0,0,0,0,0,1,22,0,1,221.5,1,"SBSmc2","SBS mc 2","SBS ","4",4.5,5,"4SD","SBS mc 2 /05"
"103","163678",0,3,0,0,0,8,71.5,36.5,0,0,40.5,0,"SBSmc2","SBS mc 2","SBS ","1",2.5,3,"3MD","SBS mc 2 /02"
"104","164578",0,6.5,1,0,0,0,0,2,0,0,188.5,0,"ICHmc1","ICH mc 1","ICH ","4",5.5,5,"5F","SBS mc 2 /01"
"105","260581",0,0.6,31.1,0,0,0,0.1,1.1,0,70,118,0,"SBSwk1","SBS wk 1","SBS ","7",8,8,"8W","SBS mc 2 /Wb09"
"106","264781",0,0.1,4.1,0,0,0,0.1,0,36,142.6,69.8,0.1,"SBSmk1","SBS mk 1","SBS ","7",8,8,"9VW","SBS mc 2 /Wb11"
"107","301450",0,0,0,0,0,0,30.5,28.5,0,0,174,0,"ESSFmc","ESSFmc","ESSF","3",4.5,4,"3MD","SBS mc 2 /01"
"108","301550",0,0,18.5,0,0,0,0.5,5,0,0,171.5,0,"ESSFmc","ESSFmc","ESSF","5",6.5,6,"6M","SBS mc 2 /05"
"109","301650",0,0,0,0,0,2,5,7,0,0,156,0,"SBSdk","SBS dk","SBS ","3",3.5,4,"5F","SBS mc 2 /02"
"110","301850",0,0.5,2.5,0,0,0,5,27,0,0,241.5,0,"ESSFmc","ESSFmc","ESSF","4",5,5,"5F","SBS mc 2 /01"
"111","301950",0,0.5,2,0,0,0,2.5,5,0,0,183.5,0,"SBSmc2","SBS mc 2","SBS ","4",4.5,5,"5F","SBS mc 2 /01"
"112","302050",0,0,0,0,0,0,0,1.5,0,0,147,0,"SBSdk","SBS dk","SBS ","3",3.5,4,"5F","SBS mc 2 /01"
"113","302150",0,0,0.5,0,0,1,5,28.5,0,0,162,1,"SBSdk","SBS dk","SBS ","3",3.5,4,"4SD","SBS mc 2 /01"
"114","302250",0,0,0,0,0,0,18,13,0,0,26,0,"ESSFmc","ESSFmc","ESSF","1",3,3,"3MD","SBS mc 2 /03"
"115","302450",0,0,0.5,0,0,0,1,14,0,0,203,0,"SBSmc2","SBS mc 2","SBS ","4",4.5,5,"5F","SBS mc 2 /01"
"116","410079",0,0.5,52.5,0,0,0,0.5,3,0,0,214,0,"SBSmc2","SBS mc 2","SBS ","5",5.5,6,"6M","SBS mc 2 /09"
"117","410279",0,2.5,0.5,0,0,0,1,10,0,0,264.5,0,"SBSmc2","SBS mc 2","SBS ","4",4.5,5,"5F","SBS mc 2 /01"
"118","410579",0,18,16.5,0,0,0,0,4,0,0,242,0,"SBSmc2","SBS mc 2","SBS ","4",4.5,5,"6M","SBS mc 2 /01"
"119","410779",0,0.5,1.5,0,0,0,2.5,5.5,0,0,230.5,0,"SBSdk","SBS dk","SBS ","4",4,4,"5F","SBS mc 2 /01"
"120","412079",0,0,2.5,0,0,0,16.5,21.5,0,0,259,0,"SBSmc2","SBS mc 2","SBS ","4",4.5,5,"3MD","SBS mc 2 /01"
"121","412379",0,0,2.5,0,0,0,0.5,3,0,0,280,0,"SBSmc2","SBS mc 2","SBS ","4",4.5,5,"5F","SBS mc 2 /01"
"122","412579",0,8.5,3.5,0,0,0,2.5,0.5,0,0,283,0,"SBSdk","SBS dk","SBS ","4",4,4,"5F","SBS mc 2 /01"
"123","412979",0,1.5,0,0,0,0.2,1,1.2,0,0,258.2,0,"SBSdk","SBS dk","SBS ","4",4,4,"5F","SBS mc 2 /01"
"124","413979",0,0,1,0,0,2,8,57,0,0,292,0,"SBSdk","SBS dk","SBS ","5",5,5,"4SD","SBS mc 2 /01"
"125","415879",0,1,1,0,0,0,2,48.5,0,0,272.5,0,"SBSmc2","SBS mc 2","SBS ","4",4.5,5,"4SD","SBS mc 2 /01"
"126","415979",0,0.5,1,0,0,0,3.5,6.5,0,0,249,0,"SBSmc2","SBS mc 2","SBS ","3",3.5,4,"5F","SBS mc 2 /01"
"127","416179",0,19,12,0,0,0,0.5,3,0,0,301.5,0,"SBSdk","SBS dk","SBS ","5",5,5,"6M","SBS mc 2 /06"
"128","416279",0,8.5,0.5,0,0,0,1.5,20,0,0,240.5,0,"ESSFmv1","ESSFmv 1","ESSF","4",4,5,"4SD","SBS mc 2 /01"
"129","416779",0,0.5,54,0,0,0,9.5,8.5,0,6,278,0,"SBSmc2","SBS mc 2","SBS ","5",5.5,6,"6M","SBS mc 2 /10"
"130","417879",0,0,0.5,0,0,0,30,37,0,0,228.5,0,"SBSmc2","SBS mc 2","SBS ","4",4.5,5,"3MD","SBS mc 2 /01"
"131","417979",0,0.5,0,0,0,0,6.5,35,0,0,242,0,"SBSmc2","SBS mc 2","SBS ","4",4.5,5,"4SD","SBS mc 2 /01"
"132","418079",0,17.5,3,0,0,0,3,48,0,0.5,286,0,"SBSmc2","SBS mc 2","SBS ","4",4.5,5,"5F","SBS mc 2 /01"
"133","418179",0,2,0,0,0,0,1,26.5,0,0,217,0,"SBSmc2","SBS mc 2","SBS ","3",3.5,4,"4SD","SBS mc 2 /01"
"134","418279",0,22,21.5,0,0,0,0,4,0,0,274,0,"SBSmc2","SBS mc 2","SBS ","4",4.5,5,"6M","SBS mc 2 /01"
"135","418379",0,0.5,0,0,0,4,18,55,0,0,212.5,0,"SBSmc2","SBS mc 2","SBS ","3",3.5,4,"4SD","SBS mc 2 /01"
"136","419079",0,0,0,0,0,0,3,17,0,0,303.5,0,"SBSmc2","SBS mc 2","SBS ","4",4.5,5,"5F","SBS mc 2 /01"
"137","419279",0,0.5,0,0,0,0.5,2.5,27,0,0,225,0,"SBSmc2","SBS mc 2","SBS ","5",5.5,6,"4SD","SBS mc 2 /03"
"138","426879",0,1,6,0,0,0,5.5,15.5,0,0,234,0,"SBSmc2","SBS mc 2","SBS ","4",4.5,5,"5F","SBS mc 2 /01"
"139","427079",0,18,155.5,0,0,0,1,0.5,0,0,145,0,"SBSmc2","SBS mc 2","SBS ","5",5.5,6,"6M","SBS mc 2 /09"
"140","427279",0,4.5,10.5,0,0,0,0,4.5,0,0,285,0,"SBSmc2","SBS mc 2","SBS ","5",5.5,6,"6M","SBS mc 2 /05"
"141","431979",0,0,12.5,0,0,0,0.5,0,0,0,185.5,0,"SBSmc2","SBS mc 2","SBS ","5",5.5,6,"6M","SBS mc 2 /09(Fmfan)"
"142","439479",0,1.5,2.5,0,0,0,0.5,9.5,0,0,177,0,"SBSmc2","SBS mc 2","SBS ","4",4.5,5,"5F","SBS mc 2 /01"
"143","441479",0,1,0,0,0,10,37,22.5,0,2,109.5,0,"SBSmc2","SBS mc 2","SBS ","3",3.5,4,"3MD","SBS mc 2 /02"
"144","450079",0,8.5,95.5,0,0,0,0,9.5,0,0.5,216,0,"SBSmc2","SBS mc 2","SBS ","5",5.5,6,"6M","SBS mc 2 /06"
"145","702450",0,0,0.5,0,0,0,5,41,0,0,228.5,0,"SBSmc2","SBS mc 2","SBS ","4",4.5,5,"4SD","SBS mc 2 /01"
"146","703450",0,32.5,3,0,0,0,0,40.8,0,0,234.6,0,NA,NA,NA,NA,NA,NA,"5F","SBS mc 2 /10"
"147","704250",0,0,0,0,0,2,4.5,40.4,0,0,76,0,NA,NA,NA,NA,NA,NA,"4SD","SBS mc 2 /02"
"148","704750",0,12,0.5,0,0,0,0.5,36,0,0,237.7,0,NA,NA,NA,NA,NA,NA,"4SD","SBS mc 2 /01"
"149","704950",0,0.5,1.5,0,0,0,7.5,5,0,0,252.2,0,NA,NA,NA,NA,NA,NA,"5F","SBS mc 2 /01"
"150","705050",0,0,139.5,0,0,0,0,0,0,0,145.3,0,NA,NA,NA,NA,NA,NA,"6M","SBS mc 2 /09"
"151","8102433",0,1.1,0,0,0,0,0.6,5.5,0,0,157.3,0,"SBSmc2","SBS mc 2","SBS ","3",3.5,4,"5F","SBS mc 2 /01"
"152","8102434",0,1.1,0.1,0,0,0,0.3,4.4,0,0,158.5,0,"SBSmc2","SBS mc 2","SBS ","4",4.5,5,"5F","SBS mc 2 /04"
"153","8102436",0,0,0,0,0,0,0.5,1.2,0,0,125.9,0,"SBSmc2","SBS mc 2","SBS ","3",3.5,4,"5F","SBS mc 2 /01"
"154","8102455",0,20.2,15.3,0,0,0,0,3.1,0,0,159.9,0,"SBSmc2","SBS mc 2","SBS ","4",4.5,5,"6M","SBS mc 2 /04"
"155","8206027",0,0,20,0,0,0,15,2,0,0,163,65,NA,NA,NA,NA,NA,NA,"6M","SBS mc 2 /xFm02"
"156","8211062",0,2.1,0.2,0,0,0,2.1,11.2,0,0,180.6,0,"SBSmc2","SBS mc 2","SBS ","4",4.5,5,"5F","SBS mc 2 /01"
"157","8211063",0,0,0,0,0,0,4.2,43.9,0,0,168.3,0,"SBPSmk","SBPSmk","SBPS","4",4,4,"4SD","SBS mc 2 /01"
"158","8211503",0,5,0.1,0,0,0,43,8,0,0,149.3,0,"SBSmc2","SBS mc 2","SBS ","4",4.5,5,"3MD","SBS mc 2 /01"
"159","8230566",0,1,78.5,0,0,0,0,0,0,0.5,107.5,1,"SBSmc2","SBS mc 2","SBS ","5",5.5,6,"6M","SBS mc 2 /Fm03"
"160","83OS004",0,2,0,0,0,0,10.5,10.2,0,0,135.2,0,"SBSmc2","SBS mc 2","SBS ","4",4.5,5,"3MD","SBS mc 2 /01"
"161","83RC001",0,0,0,0,0,0,10.3,48.1,0,0,158.8,0,"SBSdw2","SBS dw 2","SBS ","3",3.5,4,"4SD","SBS mc 2 /01"
"162","83RC002",0,5.1,20.3,0,0,0,5.1,20.1,0,0,215.8,0,NA,NA,NA,NA,NA,NA,"6M","SBS mc 2 /06"
"163","83RC015",0,1.1,0,0,0,0,0.1,15.1,0,0,114.3,0,"SBSmc2","SBS mc 2","SBS ","4",4.5,5,"5F","SBS mc 2 /01"
"164","83RC021",0,5.1,5,0,0,0,1,13.1,0,0.1,143.2,0,NA,NA,NA,NA,NA,NA,"5F","SBS mc 2 /04"
"165","83RC024",0,6,20.5,0,0,0,0,25,0,0,148.2,0,NA,NA,NA,NA,NA,NA,"6M","SBS mc 2 /04"
"166","83RC031",0,0,0,0,0,0,0,0,0,0,22.1,0,NA,NA,NA,NA,NA,NA,"5F","SBS mc 2 /06"
"167","83RC033",0,0,0,0,0,0,0.5,29.2,0,0,122.6,0,NA,NA,NA,NA,NA,NA,"4SD","SBS mc 2 /01"
"168","83RC038",0,0.1,0,0,0,0,0.2,5,0,0,104.7,0,NA,NA,NA,NA,NA,NA,"5F","SBS mc 2 /01"
"169","83RC056",0,30,0,0,0,0,0.2,3.2,0,0,153.2,0,NA,NA,NA,NA,NA,NA,"5F","SBS mc 2 /01"
"170","83RC057",0,0,0,0,0,0,0.5,5.4,0,0,129.4,0,NA,NA,NA,NA,NA,NA,"5F","SBS mc 2 /04"
"171","83RC058",0,0,0,0,0,0,5.2,3.9,0,0,129,0,NA,NA,NA,NA,NA,NA,"5F","SBS mc 2 /01"
"172","83RC061",0,0,0.2,0,0,0,4.4,3.5,0,0,162.5,0,NA,NA,NA,NA,NA,NA,"5F","SBS mc 2 /04"
"173","83RC062",0,0,0,0,0,0,5.2,5,0,0,113.8,0,NA,NA,NA,NA,NA,NA,"5F","SBS mc 2 /04"
"174","83RC069",0,3.2,0.8,0,0,0,0,2.2,0,0,135.6,0,NA,NA,NA,NA,NA,NA,"5F","SBS mc 2 /04"
"175","84OS035",0,7.1,0.1,0,0,0,0.1,10,0,0,108.1,0,NA,NA,NA,NA,NA,NA,"5F","SBS mc 2 /01"
"176","84OS036",0,4.2,0,0,0,0,0.3,5.3,0,0,105.8,0,"SBSmc2","SBS mc 2","SBS ","4",4.5,5,"5F","SBS mc 2 /01"
"177","84OS037",0,0.6,0,0,0,0.1,0.4,19.6,0,0,86.8,0,"SBSmc2","SBS mc 2","SBS ","4",4.5,5,"4SD","SBS mc 2 /01"
"178","84RC146",0,1,0.1,0,0,0,0.4,3.1,0,0,100.3,0,NA,NA,NA,NA,NA,NA,"5F","SBS mc 2 /04"
"179","84RC150",0,10.5,0.5,0,0,0,1,20.6,0,0,82.5,0,NA,NA,NA,NA,NA,NA,"4SD","SBS mc 2 /01"
"180","85RC081",0,0.2,0.2,0,0,0,0.6,0.3,0,0,116.6,0,NA,NA,NA,NA,NA,NA,"5F","SBS mc 2 /04"
"181","86MW013",0,0.2,0,0,0,0,0.1,2.5,0,0,96.2,0,NA,NA,NA,NA,NA,NA,"5F","SBS mc 2 /04"
"182","86MW014",0,10.1,0,0,0,0,0.9,16.6,0,0,112.1,0,"SBSmc2","SBS mc 2","SBS ","5",5.5,6,"5F","SBS mc 2 /04"
"183","86MW015",0,0,0.7,0,0,0.2,13.8,14.2,0,0,107.4,0.2,NA,NA,NA,NA,NA,NA,"3MD","SBS mc 2 /04"
"184","87SM001",0,0.3,41.4,0,0,0,0,3.1,0,5.5,97.1,0,NA,NA,NA,NA,NA,NA,"6M","SBS mc 2 /11"
"185","87SM002",0,0,0.5,0,0,0,4.6,31.2,0,0,107.9,0,NA,NA,NA,NA,NA,NA,"4SD","SBS mc 2 /04"
"186","87SM003",0,0,0,0,0,0.2,56.3,12.1,0,0,61.3,0,NA,NA,NA,NA,NA,NA,"3MD","SBS mc 2 /02"
"187","87SM004",0,0.5,40.9,0,0,0,0,5,0,0.7,87.2,0,NA,NA,NA,NA,NA,NA,"6M","SBS mc 2 /08"
"188","87SM005",0,0.3,0,0,0,0,2.1,16.4,0,0,97.6,0,NA,NA,NA,NA,NA,NA,"5F","SBS mc 2 /01"
"189","87SM006",0,10.2,0,0,0,0,0.2,1.3,0,0,98.8,0,NA,NA,NA,NA,NA,NA,"5F","SBS mc 2 /01"
"190","87SM007",0,0.5,61.7,0,0,0,0,0.5,0,0,102.7,0,NA,NA,NA,NA,NA,NA,"6M","SBS mc 2 /08"
"191","87SM008",0,0,0,0,0,0,56.7,36.3,0,0,50.2,0,NA,NA,NA,NA,NA,NA,"3MD","SBS mc 2 /02"
"192","87SM009",0,0.2,0,0,0,0,11.2,21.4,0,0,106.4,0,NA,NA,NA,NA,NA,NA,"3MD","SBS mc 2 /04"
"193","87SM010",0,5.5,0,0,0,0,0.5,10.5,0,0,102.7,0,NA,NA,NA,NA,NA,NA,"5F","SBS mc 2 /01"
"194","87SM011",0.2,0.5,36.5,0,0,0,0,0.2,0,2,74.9,0,NA,NA,NA,NA,NA,NA,"6M","SBS mc 2 /08"
"195","87SM012",0,0,0,0,0,0.1,1.6,5.7,0,0,102,0,NA,NA,NA,NA,NA,NA,"5F","SBS mc 2 /01"
"196","87SM013",0,0.2,0,0,0,0,0.7,1.2,0,0,109.6,0,NA,NA,NA,NA,NA,NA,"5F","SBS mc 2 /01"
"197","87SM014",0,0.7,0,0,0,0,6.6,14.2,0,0,114.4,0,NA,NA,NA,NA,NA,NA,"4SD","SBS mc 2 /04"
"198","87SM015",0,2,0.2,0,0,0,41.2,10.5,0,0,67.5,0,NA,NA,NA,NA,NA,NA,"3MD","SBS mc 2 /01"
"199","87SM016",0,2,0.7,0,0,0,3.5,6,0,0,127,0,NA,NA,NA,NA,NA,NA,"5F","SBS mc 2 /04"
"200","87SM017",0,0,0,0,0,0,67.5,16.5,0,0,11.2,0,NA,NA,NA,NA,NA,NA,"3MD","SBS mc 2 /02"
"201","87SM018",0,1,0.2,0,0,0,1,11,0,0,111,0,NA,NA,NA,NA,NA,NA,"5F","SBS mc 2 /01"
"202","87SM019",0,0.5,74.7,0,0,0,2.5,0.5,0,14.5,94.5,0,NA,NA,NA,NA,NA,NA,"7VM","SBS mc 2 /11"
"203","87SM020",0,0,0,0,0,1,12.5,8.5,0,0,84.9,0,NA,NA,NA,NA,NA,NA,"3MD","SBS mc 2 /01"
"204","87SM021",0,3,0,0,0,0,0.5,5.5,0,0,120,0,NA,NA,NA,NA,NA,NA,"5F","SBS mc 2 /01"
"205","87SM022",0,2.5,101,0,0,0,0,1,0,0.1,88.2,0,NA,NA,NA,NA,NA,NA,"6M","SBS mc 2 /11"
"206","87SM023",0,4,138.5,0,0,0,0,1,0,5,47.2,0,NA,NA,NA,NA,NA,NA,"6M","SBS mc 2 /11"
"207","87SM024",0,2,0,0,0,0,65,10.2,0,0,99,0,NA,NA,NA,NA,NA,NA,"3MD","SBS mc 2 /01"
"208","87SM025",0,2,0.1,0,0,0,6,10,0,0,112.7,0,NA,NA,NA,NA,NA,NA,"5F","SBS mc 2 /01"
"209","87SM026",0,1,0,0,0,0,10.1,8.9,0,0.2,94.5,0,NA,NA,NA,NA,NA,NA,"3MD","SBS mc 2 /01"
"210","87SM027",0,7,0,0,0,0,4.5,16.5,0,0,109,0,NA,NA,NA,NA,NA,NA,"4SD","SBS mc 2 /01"
"211","87SM028",0,3,0,0,0,0,3.5,20,0,0,99.5,0,NA,NA,NA,NA,NA,NA,"4SD","SBS mc 2 /01"
"212","87SM037",0,0.7,2.2,0,0,0,0.7,3.5,0,1,112.6,0,NA,NA,NA,NA,NA,NA,"5F","SBS mc 2 /04"
"213","87SM038",0,2,0,0,0,0,16,22.7,0,0,98.4,0,NA,NA,NA,NA,NA,NA,"3MD","SBS mc 2 /01"
"214","8900003",0,2,20.6,0,0,0,0,0,0,0,146.2,0,"SBSmc2","SBS mc 2","SBS ","5",5.5,6,"6M","SBS mc 2 /Fh1"
"215","8900031",0,4,20,0,0,0,0,4,0,10,124.2,0,"SBSmc2","SBS mc 2","SBS ","5",5.5,6,"6M","SBS mc 2 /un"
"216","8900069",0,0,5,0,0,0,7,0,0,0,162.6,0,"SBSmc2","SBS mc 2","SBS ","5",5.5,6,"5F","SBS mc 2 /un"
"217","8900548",0,0,0,0,0,0,0,0,0,0,92,0,"SBSmc2","SBS mc 2","SBS ","6",6.5,7,"5F","SBS mc 2 /xFl01"
"218","89WM011",0,0,1,0,0,0,0,0,24,125,9,0,NA,NA,NA,NA,NA,NA,"9VW","SBS mc 2 /Wb12"
"219","89WM012",0,0,25,0,0,0,0,0,1,130.1,3,0,NA,NA,NA,NA,NA,NA,"8W","SBS mc 2 /Wb12"
"220","89WM013",0,0,2,0,0,0,0,0,14,60,16,0,NA,NA,NA,NA,NA,NA,"8W","SBS mc 2 /un"
"221","89WM014",0,0,3,0,0,0,0,0,2,89,11,0,NA,NA,NA,NA,NA,NA,"8W","SBS mc 2 /Wb12"
"222","89WM015",0,0,0,0,0,0,0,0,2.1,111,4,0,NA,NA,NA,NA,NA,NA,"8W","SBS mc 2 /Wb12"
"223","89WM016",0,0,0,0,0,0,0,0,20,160.1,7,0,NA,NA,NA,NA,NA,NA,"8W","SBS mc 2 /un"
"224","89WM021",0,0,2,0,0,0,0,0,52,185.2,0.1,0,NA,NA,NA,NA,NA,NA,"9VW","SBS mc 2 /Wf10"
"225","89WM022",0,0,0,0,0,0,0,0,67,172.1,0.1,0,NA,NA,NA,NA,NA,NA,"9VW","SBS mc 2 /Wf10"
"226","89WM023",0,0,1,0,0,0,0,0,85,124.2,2.2,0,NA,NA,NA,NA,NA,NA,"9VW","SBS mc 2 /Wf10"
"227","89WM024",0,0,0,0,0,0,0,0,75,111,0,0,NA,NA,NA,NA,NA,NA,"9VW","SBS mc 2 /un"
"228","89WM031",0,0,43,0,0,0,0,0,0,46,111,0,NA,NA,NA,NA,NA,NA,"8W","SBS mc 2 /un"
"229","89WM032",0,0,29,0,0,0,0,0,0,126,52,0,NA,NA,NA,NA,NA,NA,"8W","SBS mc 2 /un"
"230","89WM034",0,0,15,0,0,0,0,0,0,96,73,0,NA,NA,NA,NA,NA,NA,"8W","SBS mc 2 /Ws02"
"231","89WM035",0,0,48,0,0,0,0,0,0,49,44,0,NA,NA,NA,NA,NA,NA,"8W","SBS mc 2 /un"
"232","89WM036",0,1,20,0,0,0,0,0,1,135,53,0,NA,NA,NA,NA,NA,NA,"8W","SBS mc 2 /un"
"233","89WM041",0,0,62,0,0,0,0,0,0,137,31,0,NA,NA,NA,NA,NA,NA,"8W","SBS mc 2 /un"
"234","89WM042",0,0,10,0,0,0,1,0,0,100,60,0,NA,NA,NA,NA,NA,NA,"8W","SBS mc 2 /un"
"235","89WM043",0,0,10,0,0,0,0,0,10,78,12,0,NA,NA,NA,NA,NA,NA,"8W","SBS mc 2 /un"
"236","89WM044",0,0,11,0,0,0,0,0,0,118,42,0,NA,NA,NA,NA,NA,NA,"8W","SBS mc 2 /un"
"237","89WM051",0,0,8,0,0,0,0,0,40,137,26,0,NA,NA,NA,NA,NA,NA,"9VW","SBS mc 2 /un"
"238","89WM052",0,0,15,0,0,0,0,0,5,131,17,0,NA,NA,NA,NA,NA,NA,"8W","SBS mc 2 /un"
"239","89WM053",0,0,2,0,0,0,0,0,22,132,22,0,NA,NA,NA,NA,NA,NA,"9VW","SBS mc 2 /un"
"240","89WM054",0,1,5,0,0,0,0,0,7,110,41,0,NA,NA,NA,NA,NA,NA,"8W","SBS mc 2 /un"
"241","89WM055",0,0,6,0,0,0,0,0,7,94,10,0,NA,NA,NA,NA,NA,NA,"8W","SBS mc 2 /un"
"242","89WM056",0,0,10,0,0,0,0,0,20,113,12,0,NA,NA,NA,NA,NA,NA,"8W","SBS mc 2 /un"
"243","89WM061",0,0,3,0,0,0,0,0,0,57,1,0,NA,NA,NA,NA,NA,NA,"8W","SBS mc 2 /un"
"244","89WM062",0,0,8,0,0,0,0,0,1,88,21,0,NA,NA,NA,NA,NA,NA,"8W","SBS mc 2 /un"
"245","89WM063",0,0,4,0,0,0,0,0,0,65,5,0,NA,NA,NA,NA,NA,NA,"8W","SBS mc 2 /Wm01"
"246","8CS410",0,7,60.5,0,0,0,0,6,0,14.5,132,0,"SBSmc2","SBS mc 2","SBS ","6",6.5,7,"7VM","SBS mc 2 /Sx-Hardhack"
"247","8CS440",0,2,0,0,0,0,23,43.2,0,17,94.2,0,"SBSmc2","SBS mc 2","SBS ","5",5.5,6,"6M","SBS mc 2 /Sx-Hardhack"
"248","9611919",0,0,0,0,1,6,26,10,0,0,44,0,NA,NA,NA,NA,NA,NA,"3MD","SBS mc 2 /Gb53"
"249","9611924",1.1,0,0,0,2.3,11.3,32.4,20,1,0,36,6.4,NA,NA,NA,NA,NA,NA,"3MD","SBS mc 2 /Gb53"
"250","961237",0,0,0,0,0,7.1,56.1,1.1,0,0,21.4,0.3,NA,NA,NA,NA,NA,NA,"3MD","SBS mc 2 /Gb53"
"251","9613292",0,0.05,20,0,0,0.5,0,0,0,0.1,122.25,0,NA,NA,NA,NA,NA,NA,"6M","SBS mc 2 /Fm02a"
"252","9613857",0,0,25.52,0,0,0,2,0,1,57.51,36.51,0,NA,NA,NA,NA,NA,NA,"8W","SBS mc 2 /Ws04"
"253","9613865",4,0,3,0,0.1,0,2,0,2,7,34.2,1,NA,NA,NA,NA,NA,NA,"6M","SBS mc 2 /un"
"254","9622517",1,0,70,0,0.5,2,4.703,0,0,2.5,81.005,0,"SBSmc3","SBS mc 3","SBS ","6",6.5,7,"6M","SBS mc 2 /un"
"255","9622525",5,1,8.1,0,0,0,2.01,0.22,0,78.203,76.365,0,"SBSmc2","SBS mc 2","SBS ","7",8,8,"8W","SBS mc 2 /Wb05"
"256","9622526",0,0,53.5,0,0,0,1.002,3.51,0,1,100.822,0,"SBSmc2","SBS mc 2","SBS ","6",6.5,7,"6M","SBS mc 2 /un"
"257","9622641",0.01,0.02,30.011,0,0,0,0.12,2.05,0.03,11.024,163.111,0,"SBSmc3","SBS mc 3","SBS ","6",6.5,7,"7VM","SBS mc 2 /un"
"258","9622662",0,0,8,0,0,0,0.01,0.002,0.01,189.001,35.502,0,"SBSmc3","SBS mc 3","SBS ","8",NA,NA,"8W","SBS mc 2 /Wb05"
"259","9624565",0,3,57.5,0,0,0,0,0,0,25.002,109.06,0,"SBSmc2","SBS mc 2","SBS ","7",8,8,"8W","SBS mc 2 /Ws07"
"260","9624786",0,0,11.02,0,0,0,0.02,0,0,93.62,112.2,0,NA,NA,NA,NA,NA,NA,"8W","SBS mc 2 /Wb09"
"261","9624791",0,1.2,26.4,0,0,0,0,8.1,0,0,111.97,0,NA,NA,NA,NA,NA,NA,"6M","SBS mc 2 /un"
"262","9628508",0,0,23,0,0,0,0,0,0,1,93.6,0,NA,NA,NA,NA,NA,NA,"6M","SBS mc 2 /Fm02"
"263","9628583",0,0,65,0,0,0,0,0,0,0.1,99.7,0,"SBSmc2","SBS mc 2","SBS ","6",6.5,7,"6M","SBS mc 2 /Fm02"
"264","9628585",0,0,52.5,0,0,0,0,0,0,0,152,0,"SBSmc2","SBS mc 2","SBS ","5",5.5,6,"6M","SBS mc 2 /xFm02"
"265","9628640",2,0,40,0,0,0,0,0,2,108.3,0.1,12,"SBSmc2","SBS mc 2","SBS ","7",8,8,"8W","SBS mc 2 /Wf02"
"266","9628641",0,0,0,0,0,0,0,0,74.5,55.5,0.5,0,"ESSFmc","ESSFmc","ESSF","7",8,8,"9VW","SBS mc 2 /Wf07"
"267","9628670",0.1,0,0,0,0,0,0.1,0.1,0.1,101.3,14.3,0,"SBSmc2","SBS mc 2","SBS ","7",8,8,"8W","SBS mc 2 /Wb10"
"268","9628672",0,0,0,0,0,0,0,0,0,92.1,4,0,"ESSFmc","ESSFmc","ESSF","7",8,8,"8W","SBS mc 2 /Wf02"
"269","9628673",0,0,60,0,0,0,0,0,0,30.2,18.7,7,"ESSFmc","ESSFmc","ESSF","7",8,8,"8W","SBS mc 2 /Wb09"
"270","9628675",0,0,0,0,0,0,0,0,15,57.6,0.1,0,"ESSFmc","ESSFmc","ESSF","7",8,8,"8W","SBS mc 2 /Wf09"
"271","9628677",0.1,0,61,0,0,0,0,0,0.1,45.8,25.7,2,"SBSmc2","SBS mc 2","SBS ","7",8,8,"8W","SBS mc 2 /Wb09"
"272","9628679",0,0,0,0,0,0,0,0,2,53,0.1,0,"SBSmc2","SBS mc 2","SBS ","7",8,8,"8W","SBS mc 2 /Wm01"
"273","9628680",0.6,0,1.5,0,0,0,0,0,1,81.5,16.5,0,"SBSmc2","SBS mc 2","SBS ","7",8,8,"8W","SBS mc 2 /Wb05"
"274","9628709",0,0,42,0,0,0,0,0,0,27.1,17.5,0,"SBSmc2","SBS mc 2","SBS ","7",8,8,"8W","SBS mc 2 /Ws04"
"275","9628710",0,0,0.1,0,0,0,0,0,0.1,60,0,0,"SBSmc2","SBS mc 2","SBS ","7",8,8,"8W","SBS mc 2 /Wm01"
"276","9628711",0,0,15.1,0,0,0,0,0.5,0.1,173.3,18.2,0,"SBSmc2","SBS mc 2","SBS ","7",8,8,"8W","SBS mc 2 /Wf02"
"277","9628712",0,0,35,0,0,0,0,0,5,57.1,36,0,"SBSmc2","SBS mc 2","SBS ","7",8,8,"8W","SBS mc 2 /Wb09"
"278","9628713",0.1,0.6,20.2,0,0,0,0,0,8.1,64.2,43.3,0,"SBSmc2","SBS mc 2","SBS ","6",6.5,7,"8W","SBS mc 2 /Ws07"
"279","9628714",0,0,65,0,0,0,0,0,0.1,2,0,0,"SBSmc2","SBS mc 2","SBS ","6",6.5,7,"6M","SBS mc 2 /Ws04"
"280","9628715",0,0,0.1,0,0,0,0,0,37.1,92.4,0,0,"SBSmc2","SBS mc 2","SBS ","7",8,8,"9VW","SBS mc 2 /Wf10"
"281","9628716",0,0,9.5,0,0,0,0,0,4,113.2,6.4,0,"SBSmc2","SBS mc 2","SBS ","7",8,8,"8W","SBS mc 2 /Wb05"
"282","9628717",0,0,0,0,0,0,0,0,40,64,0,0,"SBSmc2","SBS mc 2","SBS ","7",8,8,"9VW","SBS mc 2 /Wf05"
"283","9628718",0,0,65,0,0,0,0,0,0,74.5,3.5,0,"SBSmc2","SBS mc 2","SBS ","7",8,8,"8W","SBS mc 2 /Ws04"
"284","9628719",1,0,28,0,0,0,0,0,0,88.5,27.1,0,"SBSmc2","SBS mc 2","SBS ","7",8,8,"8W","SBS mc 2 /Wb08"
"285","9628727",2,0,6,0,0,0,0,0,20,138.3,0.1,0,"SBSmc2","SBS mc 2","SBS ","7",8,8,"8W","SBS mc 2 /Wf07"
"286","9628729",0,0,0,0,0,0,0,0,20,110.5,0.3,0,"SBSmc2","SBS mc 2","SBS ","7",8,8,"8W","SBS mc 2 /Wf02"
"287","9628730",0,0,0,0,0,0,0,0,9,87.7,0.1,0,"SBSmc2","SBS mc 2","SBS ","7",8,8,"8W","SBS mc 2 /Wf08"
"288","9628731",0,0,0,0,0,0,0.2,0.2,10.1,111.2,42.1,0.1,"SBSmc2","SBS mc 2","SBS ","7",8,8,"8W","SBS mc 2 /Wb10"
"289","9628789",0,0,0,0,0,0,0,0,36.3,60.4,4.1,0,"SBSmc2","SBS mc 2","SBS ","7",8,8,"9VW","SBS mc 2 /Wf08"
"290","9628790",0,0,0,0,0,0,0,0,31,1,0,0,"SBSmc2","SBS mc 2","SBS ","7",8,8,"9VW","SBS mc 2 /Wf07"
"291","963015",0,0,0,0,0,0,0,0,55,62.1,0.2,0,"SBSmc2","SBS mc 2","SBS ","7",8,8,"9VW","SBS mc 2 /Wf05"
"292","963019",10.1,0,5,0,0,0,1,0,0,114.1,17.1,0,"ESSFmv1","ESSFmv 1","ESSF","7",8,8,"8W","SBS mc 2 /Wb05"
"293","963095",0,0,5,0,0,0,0,0,35.1,117.3,0.5,0,"SBSmc2","SBS mc 2","SBS ","7",8,8,"9VW","SBS mc 2 /Wf07"
"294","963096",0,0,1.5,0,0,0,0,0,9.5,103.5,28.5,0,"SBSmc2","SBS mc 2","SBS ","7",8,8,"8W","SBS mc 2 /Wb05"
"295","963097",0,0,0.2,0,0,0,0,0,17.6,84.3,0,0.1,"SBSmc2","SBS mc 2","SBS ","7",8,8,"8W","SBS mc 2 /Wf10"
"296","963098",0,0,2,0,0,0,0,0,13,76.3,0,0,"SBSmc2","SBS mc 2","SBS ","7",8,8,"8W","SBS mc 2 /Wf10"
"297","963099",0,0,21,0,0,0,0,0.5,2,93.6,44.8,0,"SBSmc2","SBS mc 2","SBS ","7",8,8,"8W","SBS mc 2 /Wb09"
"298","963112",0,0,24,0,0,0,0.5,0,0.1,64.8,32.8,0,"SBSdk","SBS dk","SBS ","7",8,8,"8W","SBS mc 2 /Wb09"
"299","964060",0,0,20,0,0,0,0,0,0,0,83.5,0,"SBSmc2","SBS mc 2","SBS ","5",5.5,6,"6M","SBS mc 2 /Vs01.2"
"300","965079",0,1,90.03,0,0,0,2,0,0,50.1,139.77,0,"SBSmc2","SBS mc 2","SBS ","7",8,8,"8W","SBS mc 2 /Wb09"
"301","965510",0,0,2.6,0,0,0,1,0,0,0,144.5,0,"SBSdk","SBS dk","SBS ","5",5,5,"5F","SBS mc 2 /$Act"
"302","965519",0,0,39.5,0,0,0,0.5,0,0,2,97.5,0,"SBSdk","SBS dk","SBS ","5",5,5,"6M","SBS mc 2 /ActAt-Devils club"
"303","965879",1,0,0,0,4,1.6,33.1,0,0,0,25.7,0,NA,NA,NA,NA,NA,NA,"3MD","SBS mc 2 /Gb03"
"304","97--005",0,0,0,0,0,0,1.7,4.5,0,3.1,207.2,0,"SBSmc2","SBS mc 2","SBS ","3",3.5,4,"5F","SBS mc 2 - SIBEC"
"305","97--007",0,0,0,0,0,0,2,5,0,0.5,180.6,0,"SBSmc2","SBS mc 2","SBS ","3",3.5,4,"5F","SBS mc 2 - SIBEC"
"306","97--008",0,0,0.1,0,0,0,0.1,8.2,0,0,172.7,0,"SBSmc2","SBS mc 2","SBS ","4",4.5,5,"5F","SBS mc 2 - SIBEC"
"307","97--009",0,0,0,0,0,0,15.1,25.3,0,0,126.1,0.1,"SBSmc2","SBS mc 2","SBS ","3",3.5,4,"3MD","SBS mc 2 - SIBEC"
"308","97--011",0,0,9.2,0,0,0,4,2.1,0,0.1,140.2,0,"SBSmc2","SBS mc 2","SBS ","4",4.5,5,"5F","SBS mc 2 - SIBEC"
"309","97--015",0,0,0,0,0,0,3.2,1.5,0,0,148.7,0,"SBSmc2","SBS mc 2","SBS ","4",4.5,5,"5F","SBS mc 2 - SIBEC"
"310","97--017",0,0,0.1,0,0,5,15.5,3,0,0,148.7,0,"SBSmc2","SBS mc 2","SBS ","4",4.5,5,"3MD","SBS mc 2 - SIBEC"
"311","97--018",0,0,2.2,0,0,0,11.1,0.3,0,0.1,127.3,0,"SBSmc2","SBS mc 2","SBS ","4",4.5,5,"3MD","SBS mc 2 - SIBEC"
"312","98--095",0,0,0.1,0,0,0,0.3,10,0,0,136.7,0,"SBSmc2","SBS mc 2","SBS ","4",4.5,5,"5F","SBS mc 2 - SIBEC"
"313","9801839",0,0,0,0,0,0,0,0,0,80.5,0.2,0,"SBSmc2","SBS mc 2","SBS ","7",8,8,"8W","SBS mc 2 /Wm01"
"314","9801840",0,0,10.1,0,0,0,0,0,0,32.2,56.3,0,"SBSmc2","SBS mc 2","SBS ","7",8,8,"8W","SBS mc 2 /Ws02"
"315","9801842",0,0,0,0,0,0,0,0,22.3,117.9,0.6,0,"SBSmc2","SBS mc 2","SBS ","7",8,8,"9VW","SBS mc 2 /Wf09"
"316","9801843",0,0,4,0,0,0,0,0,14.1,140.9,15.6,0,NA,NA,NA,NA,NA,NA,"8W","SBS mc 2 /Wf02"
"317","9801845",0,0,6.1,0,0,0,0,0,50,86.6,28.5,0,"SBSmc2","SBS mc 2","SBS ","7",8,8,"9VW","SBS mc 2 /Wb05"
"318","9801846",0,0,40.5,0,0,0,0,0,3,97.7,26,0,"SBSmc2","SBS mc 2","SBS ","7",8,8,"8W","SBS mc 2 /Wb05"
"319","9801847",0,0,0,0,0,0,0,0,38,122.7,2,0,NA,NA,NA,NA,NA,NA,"9VW","SBS mc 2 /Wf07"
"320","9801848",0,0,0,0,0,0,0,0,23,117.7,0,0,NA,NA,NA,NA,NA,NA,"9VW","SBS mc 2 /Wf08"
"321","9801849",0,0,3,0,0,0,0,0,30.1,124.7,41.1,0,"SBSmc2","SBS mc 2","SBS ","7",8,8,"9VW","SBS mc 2 /Wb05"
"322","9801850",0,0,3.8,0,0,0,0,0.1,2,102.3,54.9,0,"SBSmc2","SBS mc 2","SBS ","7",8,8,"8W","SBS mc 2 /Wb05"
"323","9801851",0,0,10.1,0,0,0,0.5,0,12,81.5,88.2,0,"SWBmks","SWB mks","SWB ","7",NA,NA,"8W","SBS mc 2 /Wb05"
"324","9801852",0,0,36,0,0,0,0,0,0,0.5,113.2,0,NA,NA,NA,NA,NA,NA,"6M","SBS mc 2 /Fl1"
"325","9801853",0,0,2,0,0,0,0,0,56.5,102.2,4.5,0,"BAFAun","BAFAun","BAFA","7",NA,NA,"9VW","SBS mc 2 /Wf08"
"326","9801854",0,0,9.5,0,0,0,0.5,0,0,145.6,22.3,0,"BAFAun","BAFAun","BAFA","7",NA,NA,"8W","SBS mc 2 /Wb05"
"327","9801855",0,0,3.2,0,0,0,0,0,0,146,33,0,"SBSmc2","SBS mc 2","SBS ","7",8,8,"8W","SBS mc 2 /Wb05"
"328","9801856",0,0,0,0,0,0,0,0,5,46,0,40,NA,NA,NA,NA,NA,NA,"8W","SBS mc 2 /Wm01"
"329","9902308",0,4,0,0,0,0.1,0,9.2,0,0,169.3,0,NA,NA,NA,NA,NA,NA,"5F","SBS mc 2 /01"
"330","9902309",0,4,0,0,0,0.1,4,11.7,0,0,136.7,0,NA,NA,NA,NA,NA,NA,"5F","SBS mc 2 /02"
"331","9902310",0,2,0.1,0,0,0,0.1,10.2,0,0,168.9,0,"SBSmc2","SBS mc 2","SBS ","4",4.5,5,"5F","SBS mc 2 /01"
"332","9902357",0,14.2,8.2,0,0,0,0.3,1.1,0,0,157.2,0,NA,NA,NA,NA,NA,NA,"5F","SBS mc 2 /06"
"333","9902358",0,6.3,24.5,0,0,0,0.1,11.3,0,0,142.8,0,NA,NA,NA,NA,NA,NA,"6M","SBS mc 2 /06"
"334","9903126",0,7,61.8,0,0,0,0.1,0,0,0,79,0,NA,NA,NA,NA,NA,NA,"6M","SBS mc 2 /09"
"335","9903127",0,0,0,0,0,4,10.6,10.6,0,0,119.4,0,"SBSmc2","SBS mc 2","SBS ","2",3,3,"3MD","SBS mc 2 /02"
"336","9903128",0,5,79.9,0,0,0,0,0.5,0,0,94.9,0,NA,NA,NA,NA,NA,NA,"6M","SBS mc 2 /09"
"337","9903129",0,3,12.4,0,0,0,0.1,0.9,0,0.1,141.1,0,"SBSmc2","SBS mc 2","SBS ","6",6.5,7,"6M","SBS mc 2 /06"
"338","9903130",0,6.1,35.5,0,0,0,0.2,0.2,0,0.5,90.1,0,NA,NA,NA,NA,NA,NA,"6M","SBS mc 2 /09"
"339","BTF09",0,10.5,60.5,0,0,0,0,0,0,25,84.9,0,"SBSmc2","SBS mc 2","SBS ","6",6.5,7,"8W","SBS mc 2 /Sx-Hardhack"
"340","CF20",1,0,10,0,0,0,1.5,0,6.5,195.5,68,0,NA,NA,NA,NA,NA,NA,"8W","SBS mc 2 /Wb05"
"341","CF22",0,4.5,95.5,0,0,0,0,0.5,0,47.5,146.5,0,NA,NA,NA,NA,NA,NA,"8W","SBS mc 2 /Ws07"
"342","CF82",0,2,42.5,0,0,0,0,0,1,121,141.5,0,NA,NA,NA,NA,NA,NA,"8W","SBS mc 2 /Ws07"
"343","M001855",0,16,62,0,0,0,5,59,0,0,209,0,NA,NA,NA,NA,NA,NA,"6M","SBS mc 2 /07"
"344","NWTF17",0,0.5,10.5,0,0,0,0,2,0,100,58,0,"SBSmc2","SBS mc 2","SBS ","6",6.5,7,"8W","SBS mc 2 /Sx-Hardhack"
"345","NWTF18",0,2.1,36.2,0,0,0,0,4,0,26,101.9,0,"SBSmc2","SBS mc 2","SBS ","6",6.5,7,"8W","SBS mc 2 /Sx-Hardhack"
"346","VRI771",0,0,0.53,0,0,0,0.011,0.091,0,0,167.817,0,NA,NA,NA,NA,NA,NA,"5F","SBS mc 2 /04"
"347","VRI814",0.1,10.1,106.05,0,0,0,0,0,0,13,182.58,10,"SBSmc2","SBS mc 2","SBS ","6",6.5,7,"7VM","SBS mc 2 /10"
"348","VRI821",0,2.1,0,0,0,0,13,3.5,0,0,196.511,0,"SBSdk","SBS dk","SBS ","4",4,4,"3MD","SBS mc 2 /01"
"349","VRI823",0.3,0,0.1,0,0,0.03,0.29,17.901,0,0.002,102.187,0,NA,NA,NA,NA,NA,NA,"5F","SBS mc 2 /01"
"350","VRI825",0,0.09,5.53,0,0,0,0.01,1.28,0,0,226.464,0,NA,NA,NA,NA,NA,NA,"5F","SBS mc 2 /01"
"351","VRI828",0,0.003,0.01,0,0,0.006,0.004,10.403,0,0,123.799,0,"SBSmc2","SBS mc 2","SBS ","4",4.5,5,"5F","SBS mc 2 /01"
"352","VRI860",0,0,0.02,0,0,0,7.53,2.93,0,0,262.8,0,"SBSmc2","SBS mc 2","SBS ","4",4.5,5,"5F","SBS mc 2 /01"
